"NO","SubNo","スキルカテゴリ","スキルレベル","サブカテゴリ","チェック項目","BZ","DE","必須スキル"
1,1,"基礎数学","★","統計数理基礎","順列や組合せの式 nPr, nCr を理解し、適切に使い分けることができる","","","◯"
2,2,"基礎数学","★","統計数理基礎","確率に関する基本的な概念の意味を説明できる（確率、条件付き確率、期待値、独立など）","","","◯"
3,3,"基礎数学","★","統計数理基礎","平均、中央値、最頻値の算出方法の違いを説明できる","","","◯"
4,4,"基礎数学","★","統計数理基礎","与えられたデータにおける分散、標準偏差、四分位、パーセンタイルを理解し、目的に応じて適切に使い分けることができる","","","◯"
5,5,"基礎数学","★","統計数理基礎","母（集団）平均と標本平均、不偏分散と標本分散がそれぞれ異なることを説明できる","","","◯"
6,6,"基礎数学","★","統計数理基礎","標準正規分布の平均と分散の値を知っている","","","◯"
7,7,"基礎数学","★","統計数理基礎","相関関係と因果関係の違いを説明できる","","","◯"
8,8,"基礎数学","★","統計数理基礎","名義尺度、順序尺度、間隔尺度、比例尺度の違いを説明できる","","","◯"
9,9,"基礎数学","★","統計数理基礎","ピアソンの相関係数の分母と分子を説明できる","","","◯"
10,10,"基礎数学","★","統計数理基礎","５つ以上の代表的な確率分布を説明できる","","","◯"
11,11,"基礎数学","★","統計数理基礎","二項分布は試行回数が増えていくとどのような分布に近似されるかを知っている","","","◯"
12,12,"基礎数学","★","統計数理基礎","変数が量的、質的どちらの場合でも関係の強さを算出できる","","","◯"
13,13,"基礎数学","★","統計数理基礎","指数関数とlog関数の関係を理解し、片対数グラフ、両対数グラフ、対数化されていないグラフを適切に使いわけることができる","","","◯"
14,14,"基礎数学","★","統計数理基礎","ベイズの定理を説明できる","","","◯"
15,15,"基礎数学","★★","統計数理基礎","ベイズ推論が学習や予測、モデル評価などをすべて確率分布上の計算問題として扱っていることにより、これらの要素を確率分布として扱わない手法と比べ、どのようなメリットを生み出しているか理解している","","",""
16,16,"基礎数学","★★","統計数理基礎","自己情報量やエントロピーの意味について説明できる","","",""
17,17,"基礎数学","★★","統計数理基礎","カルバック・ライブラー情報量（KL divergence）、フィッシャー情報量の意味や利用方法について説明できる","","",""
18,18,"基礎数学","★★","統計数理基礎","尤度と最尤推定についての説明ができる（尤度関数、ネイマンの分解定理、十分統計量）","","",""
19,19,"基礎数学","★","線形代数基礎","ベクトルの内積に関する計算方法を理解し、線形式をベクトルの内積で表現できる","","","◯"
20,20,"基礎数学","★","線形代数基礎","行列同士、および行列とベクトルの計算方法を正しく理解し、複数の線形式を行列の積で表現できる","","","◯"
21,21,"基礎数学","★","線形代数基礎","逆行列の定義、および逆行列を求めることにより行列表記された連立方程式が解けることを理解している","","",""
22,22,"基礎数学","★","線形代数基礎","固有ベクトルおよび固有値の意味を理解している","","",""
23,23,"基礎数学","★","微分・積分基礎","微分により計算する導関数が傾きを求めるための式であることを理解している","","","◯"
24,24,"基礎数学","★","微分・積分基礎","2変数以上の関数における偏微分の計算方法を理解している","","",""
25,25,"基礎数学","★","微分・積分基礎","積分と面積の関係を理解し、確率密度関数を定積分することで確率が得られることを説明できる","","","◯"
26,26,"基礎数学","★","集合論基礎","和集合、積集合、差集合、対称差集合、補集合についてベン図を用いて説明できる","","","◯"
27,27,"基礎数学","★","集合論基礎","論理演算と集合演算の対応を理解している（ANDが積集合に対応するなど）","","",""
28,1,"データの理解・検証","★","統計情報への正しい理解","単なるローデータとしての実数だけを見ても判断出来ない事象が大多数であり、母集団に占める割合などの比率的な指標でなければ数字の比較に意味がないことがわかっている","","","◯"
29,2,"データの理解・検証","★","統計情報への正しい理解","ニュース記事などで統計情報に接したときに、数字やグラフの持つメッセージを理解できる","＊","","◯"
30,3,"データの理解・検証","★★","統計情報への正しい理解","自身の判断に必要となる統計情報を積極的に収集するとともに、表現に惑わされず数字を正当に評価できる（原点が0ではないグラフ、不要な3D化、不要な2軸化、目盛りの未記載など）","＊","",""
31,4,"データの理解・検証","★★★","統計情報への正しい理解","数字やデータの検証のために、何と比較するべきかすみやかに把握し、収集・利用できる（業務データや過去に接触した統計情報の想起・活用を含む）","＊","",""
32,5,"データの理解・検証","★","データ確認","単独のグラフに対して、集計ミスや記載ミスなどがないかチェックできる","＊","","◯"
33,6,"データの理解・検証","★","データ確認","データ項目やデータの量・質について、指示のもと正しく検証し、結果を説明できる","＊","",""
34,7,"データの理解・検証","★★","データ確認","複数のグラフや集計表で構成されているレポートに対して、全体として集計ミスや不整合が起きていないかチェックできる","＊","","◯"
35,8,"データの理解・検証","★★","データ確認","データ項目やデータの量・質の検証方法を計画・実行し、その結果をもとにその後の分析プロセスを立案・修正できる","＊","",""
36,9,"データの理解・検証","★★★","データ確認","多数のグラフ、集計表、外部の統計情報、高度なデータ解析手法を用いた解析結果などを含むレポートに対して、不整合が起きていないか、妥当性の高い論理構造であるかチェックできる","＊","",""
37,10,"データの理解・検証","★★★","データ確認","分析に必要なデータを想定し、現在取得可能なデータの量・質で分析に耐えうるか、分析目的が達成可能であるかを判断できる","＊","","◯"
38,11,"データの理解・検証","★","俯瞰・メタ思考","データが生み出された背景を考え、鵜呑みにはしないことの重要性を理解している","＊","",""
39,12,"データの理解・検証","★★","俯瞰・メタ思考","データを俯瞰して、変化をすみやかに察知するとともに、変化が誤差の範囲かどうか判断できる","＊","","◯"
40,13,"データの理解・検証","★★★","俯瞰・メタ思考","複数のデータを多元的かつ大局的に俯瞰して、大きな動きや本質的な事実を見抜くことができる","＊","","◯"
41,14,"データの理解・検証","★","データ理解","どのような知見を得たいのか、目的に即して集計し、データから事実を把握できる","＊","","◯"
42,15,"データの理解・検証","★","データ理解","データから事実を正しく浮き彫りにするために、集計の切り口や比較対象の設定が重要であることを理解している","＊","","◯"
43,16,"データの理解・検証","★","データ理解","普段業務で扱っているデータの発生トリガー・タイミング・頻度などを説明でき、また基本統計量や分布の形状を把握している","＊","",""
44,17,"データの理解・検証","★","データ理解","時系列データとは何か、その基礎的な扱いについて説明できる（時系列グラフによる周期性やトレンドの確認、移動平均の計算など）","","",""
45,18,"データの理解・検証","★★","データ理解","生データを眺めて、どのような切り口で集計・比較すればデータの理解や事実の把握につながるか検討できる","＊","","◯"
46,19,"データの理解・検証","★★","データ理解","扱ったことのない新たなデータに内容の不明な項目があっても、生データの閲覧や集計を通して何の項目かあたりをつけられる","＊","",""
47,20,"データの理解・検証","★★","データ理解","扱っているデータの関連業務の知識と分析目的を踏まえて、どんな説明変数が効きそうか、あたりをつけて洗い出し、構造的に整理できる（変数のグループ化や階層化など）","＊","",""
48,21,"データの理解・検証","★★★","データ理解","データの変化から起きている事象の背景を構造的に推察し、仮説を立て、検証方法を企画実行できる","＊","",""
49,22,"データの理解・検証","★★★","データ理解","データを入手する前に、存在するであろうデータとその分布を想定して基礎俯瞰の方向性やその結果の想定ができ、それを前提とした解析方法の検討・ラフ設計をすることができる","＊","",""
50,23,"データの理解・検証","★★★","データ理解","扱ったことのない新たなデータであっても、ER図やテーブル定義、生データなどを見ることによってデータの発生源や欠損値の意味などのあたりをつけられる","＊","＊",""
51,24,"データの理解・検証","★★","データ粒度","分析目的とデータの量・質を踏まえて、想定されるメッセージと統計的観点から適切な集計単位やサンプリング率を決定できる","＊","",""
52,25,"データの理解・検証","★★★","データ粒度","分析目的とデータの量・質に加えて、想定しているメッセージ、深掘りの方向性・可能性、処理負荷、データ処理フローなども総合的に踏まえた最適な集計単位やサンプリング率を決定できる","＊","＊",""
53,1,"意味合いの抽出、洞察","★","洞察","分析、図表から直接的な意味合いを抽出できる（バラツキ、有意性、分布傾向、特異性、関連性、変曲点、関連度の高低など）","＊","","◯"
54,2,"意味合いの抽出、洞察","★","洞察","想定に影響されず、分析結果の数値を客観的に解釈できる","＊","",""
55,3,"意味合いの抽出、洞察","★★","洞察","各種の解析手法（主成分分析、クラスター分析、決定木分析など）の結果を解釈し、意味合いを適切に表現・説明できる","＊","","◯"
56,1,"予測","★","回帰・分類","単回帰分析において最小二乗法、回帰係数、標準誤差、決定係数を理解し、モデルを構築できる","","","◯"
57,2,"予測","★","回帰・分類","重回帰分析において偏回帰係数と標準偏回帰係数、重相関係数について説明できる","","",""
58,3,"予測","★★","回帰・分類","重回帰分析や判別分析を実行する際に変数選択手法の特徴を理解し、適用できる","","",""
59,4,"予測","★★","回帰・分類","重回帰分析において多重共線性の評価ができ、適切に変数を統合・加工・削除して予測モデルが構築できる","","","◯"
60,5,"予測","★","回帰・分類","線形回帰分析は量的な変数を予測し、ロジスティック回帰分析は二値の質的な変数を予測する手法であることを説明できる","","",""
61,6,"予測","★★","回帰・分類","過学習を防止するためにL1正則化（Lasso）、L2正則化（Ridge）、それらを組み合わせたElastic netを適用できる","","",""
62,7,"予測","★★","回帰・分類","一般化線形モデル (GLM) および一般化線形混合モデル（GLMM）を用いて分布形状に応じたモデルを構築できる","","",""
63,8,"予測","★★★","回帰・分類","対象データの分布をみて、分布形状に適合した計算式の非線形回帰モデルを構築できる","","",""
64,9,"予測","★★","回帰・分類","ロジスティック回帰分析において回帰係数とオッズ比の関係について説明できる","","",""
65,10,"予測","★★","回帰・分類","ロジスティック回帰分析を行う際に、最小二乗法ではなく最尤法を使う際の利点（回帰誤差が近似的に正規分布しなくても適用できるなど）を説明し、適用できる","","",""
66,11,"予測","★★","回帰・分類","Cox回帰（比例ハザードモデル）を用いて対象イベントの発生確率を予測する生存分析モデルを構築できる","","",""
67,12,"予測","★★","回帰・分類","対象の個体差やグループ毎の差が認められるデータに対し、階層ベイズモデルの構築ができる","","",""
68,13,"予測","★★","回帰・分類","予測アルゴリズムに応じ、必要な変数加工処理を設計し、実施できる（標準化やダミー変数化など、採用したアルゴリズムに適した変数加工）","","",""
69,14,"予測","★★★","回帰・分類","予測モデル構築において頑健性（Robustness）を維持するための具体的な方法を設計、実施できる","","","◯"
70,15,"予測","★","評価","ROC曲線、AUC(Area under the curve)、を用いてモデルの精度を評価できる","","",""
71,16,"予測","★","評価","混同行列（正誤分布のクロス表）、Accuracy、Precision、Recall、F値、macro平均、micro平均、重み付き平均といった評価尺度を理解し、精度を評価できる","","",""
72,17,"予測","★","評価","RMSE（Root Mean Square Error）、MAE（Mean Absolute Error）、MAPE（Mean Absolute Percentage Error）、決定係数といった評価尺度を理解し、精度を評価できる","","","◯"
73,18,"予測","★★","評価","不均衡データ（Imbalanced data）に対する分類モデルの評価尺度を、Precision、Recall、F値、PR（Presicion Recall）曲線、マシューズ相関係数などを用いてビジネス課題に合わせて適切に設定できる","＊","",""
74,19,"予測","★★★","評価","目的（予測・真のモデル推定など）に応じて、適切な損失関数とモデル選択基準（AIC：赤池情報量規準、BIC：ベイズ情報量規準、MDL：最小記述長など）を選択し、モデル評価ができる","","",""
75,20,"予測","★★★","評価","MSE、AUC、F値などは評価データ全体に対する平均的評価であることを理解し、必要に応じて予測値・誤差の可視化、データの部分集合に対する評価などを実施できる","","",""
76,1,"推定・検定","★","推定・検定","点推定と区間推定の違いを説明できる","","",""
77,2,"推定・検定","★","推定・検定","統計的仮説検定において帰無仮説と対立仮説の違いを説明できる","","",""
78,3,"推定・検定","★","推定・検定","第1種の過誤、第2種の過誤、p値、有意水準の意味を説明できる","","",""
79,4,"推定・検定","★","推定・検定","片側検定と両側検定の違いを説明できる","","",""
80,5,"推定・検定","★","推定・検定","検定する対象となるデータの対応の有無を考慮した上で適切な検定手法（t検定, z検定など）を選択し、適用できる","","",""
81,6,"推定・検定","★★","推定・検定","検定力やサンプルサイズ、分布など対象のデータを考慮したうえで適切な検定手法を選択し、結果を評価できる（パラメトリックな多群の検定、クラスカル・ウォリス検定、カイ二乗検定など）","","",""
82,7,"推定・検定","★★","推定・検定","p値だけでは仮説やモデルの正しさを評価できないことを理解し、p値以外のアプローチ（信頼区間、信用区間、ベイズファクターなど）と併せて透明性の高いデータ分析や結果の報告ができる","＊","","◯"
83,1,"グルーピング","★","グルーピング","教師なし学習のグループ化（クラスター分析）と教師あり学習の分類（判別）モデルの違いを説明できる","","",""
84,2,"グルーピング","★","グルーピング","階層クラスター分析と非階層クラスター分析の違いを説明できる","","",""
85,3,"グルーピング","★","グルーピング","階層クラスター分析において、デンドログラムの見方を理解し、適切に解釈できる","＊","",""
86,4,"グルーピング","★★","グルーピング","非階層クラスター分析において、分析対象となるデータの特性や分析目的に応じ、適切なクラスター数を決定できる","","","◯"
87,5,"グルーピング","★★","グルーピング","階層クラスター分析における代表的なクラスター間距離（Ward法、群平均法、最長一致法など）の概念を理解し、目的に合致した最適な手法で分析できる","","",""
88,6,"グルーピング","★★","グルーピング","クラスター分析を実行する際、各種距離関数（ユークリッド距離、マンハッタン距離、マハラノビス距離など）を理解し、分析目的に合致した最適な距離計算で分析できる","＊","",""
89,7,"グルーピング","★★","グルーピング","k-means法で得られる分析結果は局所最適解であるため初期値問題があることを理解し、適切な初期値を選択できる","","",""
90,8,"グルーピング","★★","グルーピング","k-meansやその派生方法、カーネルk-means、スペクトラルクラスタリングなどの違いを理解し、試行の中で最適な手法を選択・実行できる","","",""
91,9,"グルーピング","★★★","グルーピング","距離の公理を満たさない場合（1-cos類似度など）においてもクラスター分析を適切に実行できる","","",""
92,10,"グルーピング","★★★","グルーピング","自己組織化マップ（SOM）、Affinity Propagation、混合分布モデル、ディリクレ過程混合モデルなどを理解し、試行の中で最適な手法を選択できる","","",""
93,11,"グルーピング","★★","異常検知","手元のデータの多寡やデータの再現性をふまえ、教師あり異常検知と教師なし異常検知の違いを適切に使い分けることができる","＊","",""
94,12,"グルーピング","★★","異常検知","Local Outlier Factor（LOF）、オートエンコーダ、One-class SVM（Support Vector Machine）、マハラノビス距離などを用いた異常検知の手法を理解し、試行の中で最適な手法を選択・実行できる","","",""
95,1,"性質・関係性の把握","★","性質・関係性の把握","適切なデータ区間設定でヒストグラムを作成し、データのバラつき方を把握できる","＊","","◯"
96,2,"性質・関係性の把握","★","性質・関係性の把握","適切な軸設定でクロス集計表を作成し、属性間のデータの偏りを把握できる","＊","","◯"
97,3,"性質・関係性の把握","★","性質・関係性の把握","量的変数の散布図を描き、2変数の関係性を把握できる","","","◯"
98,4,"性質・関係性の把握","★★","性質・関係性の把握","多重（質問間）クロス集計表などを駆使して、データから適切なインサイトを得ることができる（データの偏りの発見や独立性の検定など）","＊","",""
99,5,"性質・関係性の把握","★★","性質・関係性の把握","主成分分析と因子分析の違いや使い分けを説明し、実施できる","","",""
100,6,"性質・関係性の把握","★★","性質・関係性の把握","正準相関分析を説明し、実施できる","","",""
101,7,"性質・関係性の把握","★★","性質・関係性の把握","因子分析における、因子負荷量の意味を理解し、因子軸の回転（プロマックス回転、バリマックス回転など）について実施できる","","",""
102,8,"性質・関係性の把握","★★","性質・関係性の把握","コレスポンデンス（対応）分析と数量化III類を説明し、実施できる","","",""
103,9,"性質・関係性の把握","★★","性質・関係性の把握","コンジョイント分析を自ら設計し、効用値と寄与率からモデルを評価できる","","",""
104,10,"性質・関係性の把握","★★","性質・関係性の把握","適切な類似度を設定した上で、多次元尺度構成法を用いてポジショニングマップを描くことができる","＊","",""
105,11,"性質・関係性の把握","★★","性質・関係性の把握","空間的自己相関の手法を用いて空間的な類似性を数値化できる","","",""
106,12,"性質・関係性の把握","★★","性質・関係性の把握","行列分解（非負値行列因子分解[Nonｰnegative Matrix Factorization:NMF]、特異値分解）を、目的に応じてパラメータを最適化して分析できる","","",""
107,13,"性質・関係性の把握","★★★","性質・関係性の把握","テンソル分解（非負値テンソル因子分解[Non-negative Tensor Factorization:NTF]、CP分解[Canonical Polyadic Decomposition:CPD]、Tucker分解など）を、対象データの特性や目的に応じて適用する事で、より複合的な要因の性質や関係性を分析できる","","",""
108,14,"性質・関係性の把握","★★","グラフィカルモデル","グラフィカルモデルを用いて、確率変数間の関係性をグラフ表現できる","","",""
109,15,"性質・関係性の把握","★★","グラフィカルモデル","重回帰分析とパス解析の違いを説明できる","","",""
110,16,"性質・関係性の把握","★★","グラフィカルモデル","ベイジアンネットワーク分析結果から目的事象の事後確率を算出できる","","",""
111,17,"性質・関係性の把握","★★","グラフィカルモデル","共分散構造分析（構造方程式モデリング：SEM）を行い、観測変数・潜在変数の因果関係を説明できる","","",""
112,18,"性質・関係性の把握","★","因果推論","ある変数が他の変数に与える影響（因果効果）を推定したい場合、その双方に影響を与える共変量（交絡因子）の考慮が重要であると理解している（喫煙の有無と疾病発症の双方に年齢が影響している場合など）","","",""
113,19,"性質・関係性の把握","★","因果推論","分析の対象を定める段階で選択バイアスが生じる可能性があることを理解している（途中離脱者の除外時、欠損データの除外時など）","","","◯"
114,20,"性質・関係性の把握","★★","因果推論","統計的因果推論における因果効果（平均処置効果、Average Treatment Effect; ATEなど）について説明できる","","",""
115,21,"性質・関係性の把握","★★","因果推論","ある変数の影響（因果効果）を推定したいがランダム化比較試験の実施が難しい場合、傾向スコアによる手法（傾向スコアマッチング、IPW、Doubly Robustなど）を用いることで観測されている共変量の影響を最小限に抑えることができる","","",""
116,22,"性質・関係性の把握","★★","因果推論","統計的因果推論における、強く無視できる割り当て条件（Conditional Exchangeability）を説明できる","","",""
117,1,"サンプリング","★","サンプリング","標本誤差およびサンプリングバイアス、およびそれぞれの違いについて説明できる","","","◯"
118,2,"サンプリング","★","サンプリング","実験計画法の基本的な3原則（局所管理化、反復、無作為化）について説明できる","","",""
119,3,"サンプリング","★★","サンプリング","調査対象の母集団の規模・特性や調査コストに応じて、多段階抽出法や層化抽出法など適切な標本抽出方法を計画できる","","",""
120,4,"サンプリング","★★","サンプリング","属性数と水準数が決まれば適切な直交表を選択し実験計画ができる","","",""
121,5,"サンプリング","★★","サンプリング","調査に求められる信頼水準・誤差率から必要となるサンプル数を試算できる","","",""
122,1,"データ加工","★","データクレンジング","外れ値・異常値・欠損値とは何かを理解し、指示のもと適切に検出と除去・変換などの対応ができる","","＊","◯"
123,2,"データ加工","★★","データクレンジング","各変数の分布・欠損率などをふまえて、外れ値・異常値・欠損値の対応方針を決定できる","","","◯"
124,3,"データ加工","★","データ加工","標準化とは何かを理解し、適切に標準化が行える","","",""
125,4,"データ加工","★","データ加工","名義尺度の変数をダミー変数に変換できる","","",""
126,5,"データ加工","★★","データ加工","加工データに不具合がないか確認方法を設計し、検証できる（合計値の照合や、分布の確認など）","＊","","◯"
127,6,"データ加工","★★★","データ加工","加工データの統計的な俯瞰によって不具合の早期発見ができるとともに、統計的観点で次ステップの解析に耐えうるデータであるか評価できる","","","◯"
128,7,"データ加工","★","特徴量エンジニアリング","数値データの特徴量化（二値化／離散化、対数変換、スケーリング／正規化、交互作用特徴量の作成など）を行うことができる","","＊",""
129,8,"データ加工","★★","特徴量エンジニアリング","カテゴリデータの特徴量化ができる（ダミー変数化、特徴量ハッシング[カテゴリ数が多い場合の値の割り当て]、ビンカウンティング、バックオフ、最小カウントスケッチ[レアなカテゴリのまとめ処理]など）","","＊",""
130,9,"データ加工","★★","特徴量エンジニアリング","k-means、k近傍法、t-SNEなどを用いた、類似度または非類似度に着目した特徴量を作成できる","","",""
131,10,"データ加工","★★","特徴量エンジニアリング","周期的な意味合いをもつ特徴量を適切な周期の三角関数を用いて変換できる","","",""
132,11,"データ加工","★★","特徴量エンジニアリング","時系列データに対し周期性やトレンドなどを考慮して、階差、移動平均、移動標準偏差、移動最大、移動最小、ラグなどの特徴量を作成できる","＊","",""
133,12,"データ加工","★★","特徴量エンジニアリング","複数のデータセットから、結合や集計などを組み合わせ、有効な特徴量を作成できる（ユーザごとの過去1ヵ月間の購買金額合計など）","＊","","◯"
134,13,"データ加工","★★★","特徴量エンジニアリング","ドメイン知識に基づく洞察から有効な特徴量を効率的に作成できる（類似商品との価格差、借入額と返済額の比など）","＊","",""
135,14,"データ加工","★★★","特徴量エンジニアリング","有用と思われるデータを新たに調達し、既知のデータと組み合わせることで有効な特徴量を作成できる（業界特有なカレンダー、地理空間的な類似度を考慮した集計値など）","＊","",""
136,1,"データ可視化","★","方向性定義","データの性質を理解するために、データを可視化し眺めて考えることの重要性を理解している","＊","","◯"
137,2,"データ可視化","★","方向性定義","可視化における目的の広がりについて概略を説明できる（単に現場の作業支援する場合から、ビッグデータ中の要素間の関連性をダイナミックに表示する場合など）","＊","",""
138,3,"データ可視化","★★","方向性定義","特異点を明確にする、データ解析部門以外の方にデータの意味を正しく伝える、現場の作業を支援するといった可視化の役割・方向性を判別できる","＊","",""
139,4,"データ可視化","★★★","方向性定義","データ量が膨大で構造が捉えにくい場合や、アウトプットが想像しにくい場合であっても、可視化の役割・方向性を判断できる（ビッグデータ中の要素間の関連性をダイナミックに表現する、細部に入りきらずに問に対して答えを出すなど）","","",""
140,5,"データ可視化","★","軸出し","散布図などの軸出しにおいて、目的やデータに応じて縦軸・横軸の候補を適切に洗い出せる","＊","","◯"
141,6,"データ可視化","★","軸出し","積み上げ縦棒グラフでの属性の選択など、目的やデータに応じて適切な層化（比較軸）の候補を出せる","＊","","◯"
142,7,"データ可視化","★★","軸出し","抽出したい意味にふさわしい軸・層化の粒度、順番を考慮して軸のきざみや層化方法を選択できる","＊","","◯"
143,8,"データ可視化","★★","軸出し","膨大な属性を持つテーブルから目的に有用な属性を選択できる","＊","",""
144,9,"データ可視化","★★★","軸出し","非構造データから分析の軸になりうる候補を抽出し、付加すべき属性候補を適切に出せる","＊","",""
145,10,"データ可視化","★","データ加工","サンプリングやアンサンブル平均によって適量にデータ量を減らすことができる","＊","",""
146,11,"データ可視化","★","データ加工","読み取りたい特徴を効果的に可視化するために、統計量を使ってデータを加工できる","","",""
147,12,"データ可視化","★★","データ加工","データの持つ分散量の観点で、高次元のデータを主成分分析（PCA）などにより1～3次元のデータに変換できる","","","◯"
148,13,"データ可視化","★★★","データ加工","高次元の非線形な（高次の曲線、渦状の分布などの）データであっても、適切に1～3次元のデータに圧縮して、特徴（データの総分散量および各データの位置関係）を損なわずに可視化できる","","",""
149,14,"データ可視化","★★★","データ加工","ネットワーク構造、グラフ構造などの表現において、ノードとエッジが増えすぎて特徴抽出が困難であっても、データの絞り込みや抽象度を上げることで適切に可視化できる","","＊",""
150,15,"データ可視化","★★★","データ加工","データ量が膨大（ペタバイト以上）なために、処理しきれず描画できない規模のデータに対しても、適度なデータや情報の抽出（間引き）、クラスター分析などにより可視化しうる状態にデータを加工できる","","＊",""
151,16,"データ可視化","★★★","データ加工","大規模なデータへのリアルタイムな可視化が求められる場合であっても、特異点の抽出や次元圧縮を通じてデータを圧縮し、リアルタイム表示できる","","＊",""
152,17,"データ可視化","★★★","データ加工","大規模なデータへのリアルタイムな可視化が求められる場合であっても、データの分割転送、復元を通じて可視化できる","","＊",""
153,18,"データ可視化","★","表現・実装技法","データ解析部門以外の方に、データの意味を伝えるサインとしての可視化ができる","＊","",""
154,19,"データ可視化","★","表現・実装技法","適切な情報濃度を判断できる（データインク比など）","","",""
155,20,"データ可視化","★","表現・実装技法","不必要な誇張をしないための軸表現の基礎を理解できている（コラムチャートのY軸の基準点は「0」からを原則とし軸を切らないなど）","","","◯"
156,21,"データ可視化","★","表現・実装技法","強調表現がもたらす効果と、明らかに不適切な強調表現を理解している（計量データに対しては位置やサイズ表現が色表現よりも効果的など）","","","◯"
157,22,"データ可視化","★","表現・実装技法","1～3次元の比較において目的（比較、構成、分布、変化など）に応じ、BIツール、スプレッドシートなどを用いて図表化できる","","＊","◯"
158,23,"データ可視化","★","表現・実装技法","端的に図表の変化をアニメーションで可視化できる（人口動態のヒストグラムが経年変化する様子を表現するなど）","","",""
159,24,"データ可視化","★","表現・実装技法","1～3次元の図表を拡張した多変量の比較を適切に可視化できる（平行座標、散布図行列、テーブルレンズ、ヒートマップなど）","","",""
160,25,"データ可視化","★★","表現・実装技法","ネットワーク構造、グラフ構造、階層構造などの統計的な関係性の可視化ができる","","＊",""
161,26,"データ可視化","★★","表現・実装技法","地理空間情報などを地図に重ね合わせた可視化ができる（コロプレスマップ、ボロノイ図など）","","",""
162,27,"データ可視化","★★","表現・実装技法","挙動・軌跡の可視化ができる（店舗内でのユーザの回遊やEye tracking、ウェアラブル端末の3軸ジャイロセンサーや心拍数など）","","",""
163,28,"データ可視化","★★","表現・実装技法","適切な情報（意味）を押さえた上で、デザイン性を高めるための要件提示ができる","＊","",""
164,29,"データ可視化","★★","表現・実装技法","ドメイン知識とビジネス背景をふまえ、適切な情報項目を参照し、利用者の使い勝手を考慮した可視化したダッシュボードあるいは可視化ツールを設計できる","＊","＊",""
165,30,"データ可視化","★★★","表現・実装技法","人体、標高を持つ地図、球面など３次元空間上にデータを重ね合わせた可視化ができる","","＊",""
166,31,"データ可視化","★★★","表現・実装技法","地図上で同時に動く数百以上のポイントにおける時間変化を動的に表現できる（多地点での風の動き、飛行物の軌跡など）","","＊",""
167,32,"データ可視化","★★★","表現・実装技法","複雑で総合的な表現が求められる場合に、ユーザインターフェースの設計に加え、内部のアルゴリズム設計やシステム環境への負荷調整なども踏まえた可視化ができる","","＊",""
168,33,"データ可視化","★","意味抽出","外れ値を見出すための適切な表現手法を選択できる","","",""
169,34,"データ可視化","★","意味抽出","データの可視化における基本的な視点を挙げることができる（特異点、相違性、傾向性、関連性を見出すなど）","","","◯"
170,35,"データ可視化","★★","意味抽出","統計値（代表値の指標、バラツキの指標、有意性の指標、関係式）を正しく読み、回帰式や移動平均線に意味付けできる","","","◯"
171,36,"データ可視化","★★★","意味抽出","分類・グルーピングの分析において、分布傾向から原因を追究し、活用方針を計画・主導できる（分類に応じたDM発送による反応率の向上など）","＊","",""
172,37,"データ可視化","★★★","意味抽出","予測の分析において、関連性、特異点、変曲点から原因を追究し、活用方針を計画・主導できる（予測結果に基づく発注管理など）","＊","",""
173,38,"データ可視化","★★★","意味抽出","関係性の分析において関連が高い/低い原因を追究し、活用方針を計画・主導できる（レコメンドなど）","＊","",""
174,1,"時系列分析","★","時系列分析","時系列分析を行う際にもつべき視点を理解している（長期トレンド、季節成分、周期性、ノイズ、定常性など）","","",""
175,2,"時系列分析","★★","時系列分析","時系列データの時点間での関係を、自己相関やコレログラムを利用して評価ができる","","",""
176,3,"時系列分析","★★","時系列分析","時系列データに対し、ライブラリを使用して、分析結果の比較を行い、適切なモデルを選択できる（自己回帰モデル[AR]、移動平均モデル[MA]、ARIMA、SARIMA、VAR、GARCH、Prophet、指数平滑法など）","","",""
177,4,"時系列分析","★★","時系列分析","グレンジャー因果などの手法を用い、時系列データにおける変数間の因果関係を把握できる","","",""
178,5,"時系列分析","★★","時系列分析","高速フーリエ変換（Fast Fourier Transform: FFT）などを用いてピリオドグラムの計算量を抑制できる","","",""
179,6,"時系列分析","★★","時系列分析","時系列データにおいて、前埋め/線形補完/移動平均などの手法を用い欠測値の補完を行うことができる","","",""
180,7,"時系列分析","★★★","時系列分析","状態空間モデルにおいて、カルマンフィルタを用いた欠測値の補完や予測モデルの構築ができる","","",""
181,8,"時系列分析","★★★","時系列分析","非線形・非ガウス型状態空間モデルにおいて、モンテカルロ・フィルタを用いて、複雑な時系列システムの予測モデルを構築できる","","",""
182,1,"学習","★","機械学習","機械学習にあたる解析手法の名称を3つ以上知っており、手法の概要を説明できる","","",""
183,2,"学習","★","機械学習","機械学習のモデルを使用したことがあり、どのような問題を解決できるか理解している（回帰・分類、クラスター分析の用途など）","","",""
184,3,"学習","★","機械学習","「教師あり学習」「教師なし学習」の違いを理解している","","","◯"
185,4,"学習","★","機械学習","過学習とは何か、それがもたらす問題について説明できる","","","◯"
186,5,"学習","★","機械学習","次元の呪いとは何か、その問題について説明できる","","",""
187,6,"学習","★","機械学習","教師あり学習におけるアノテーションの必要性を説明できる","＊","",""
188,7,"学習","★","機械学習","観測されたデータにバイアスが含まれる場合や、学習した予測モデルが少数派のデータをノイズと認識してしまった場合などに、モデルの出力が差別的な振る舞いをしてしまうリスクを理解している","","","◯"
189,8,"学習","★","機械学習","機械学習における大域的(global)な説明（モデル単位の各変数の寄与度など）と局所的(local)な説明（予測するレコード単位の各変数の寄与度など）の違いを理解している","","",""
190,9,"学習","★","機械学習","ホールドアウト法、交差検証（クロスバリデーション）法の仕組みを理解し、学習データ、パラメータチューニング用の検証データ、テストデータを作成できる","","",""
191,10,"学習","★","機械学習","時系列データの場合は、時間軸で学習データとテストデータに分割する理由を理解している","","",""
192,11,"学習","★","機械学習","機械学習モデルは、データ構成の変化(データドリフト)により学習完了後から精度が劣化していくため、運用時は精度をモニタリングする必要があることを理解している","","",""
193,12,"学習","★★","機械学習","学習データ、検証データ、テストデータの分割時にデータの性質や目的に応じて、地理空間情報や様々な属性を考慮すべきか判断できる","＊","",""
194,13,"学習","★★","機械学習","予測モデルにおけるリークとは何か、それがもたらす問題について説明できる","","",""
195,14,"学習","★★★","機械学習","リークの発生の有無を適切に判断し、対応できる（マスタデータが更新されており、本来予測時に使用できない未来の情報を含んでしまうパターン、本来は未知である評価データも含めて標準化するパターンなど）","＊","",""
196,15,"学習","★★★","機械学習","データと分析要件から、データ分布やモデル精度のモニタリング設計・実施と、劣化が見込まれるモデルに対するリモデルの設計ができる","","＊",""
197,16,"学習","★★","機械学習","次元の呪いの影響を受けやすいアルゴリズムを識別し対処するアプローチを知っている（特徴量選択、次元圧縮、L1/L2正則化など）","","",""
198,17,"学習","★★","機械学習","アノテーションにおいて、判断基準の明確化やアノテーターの精度管理を適切に実施することにより、高品質な教師付きデータを効率的に作成できる","＊","",""
199,18,"学習","★★","機械学習","教師あり学習と強化学習の違いを、前提、定義、応用先といった観点で説明できる","","",""
200,19,"学習","★★","機械学習","決定木分析においてCHAID、C5.0、CARTなどのデータ分割のアルゴリズムの特徴を理解し、適切な方式を選定できる","","",""
201,20,"学習","★","機械学習","ニューラルネットワークの基本的な考え方を理解し、出力される「ダイアグラム」の入力層、隠れ層、出力層の概要と、活性化関数の重要性を理解している","","","◯"
202,21,"学習","★","機械学習","ライブラリを使ってサポートベクターマシンによる分析を実行・評価できる","","",""
203,22,"学習","★","機械学習","決定木をベースとしたアンサンブル学習（Random Forest、勾配ブースティング[Gradient Boosting Decision Tree：GBDT]、 その派生形であるXGBoost、LightGBMなど）による分析を、ライブラリを使って実行でき、その結果を正しく解釈できる","","",""
204,23,"学習","★★","機械学習","データに変更を加え予測モデルを故意に誤らせる敵対的サンプル（Adversarial examples）について、代表的な攻撃方法を理解している","","",""
205,24,"学習","★★★","機械学習","最新の研究に基づき敵対的サンプル（Adversarial examples）に対する現実的な対策を検討できる","","",""
206,25,"学習","★★","機械学習","生成モデルと識別モデルの違いやそれぞれのメリットを理解しており、目的に応じて適切に使い分けられる","","",""
207,26,"学習","★★","機械学習","不均衡データ（Imbalanced data）がモデルに与える影響を理解し、サンプリングや評価/損失関数のチューニングなどを適切に対処できる","","",""
208,27,"学習","★★","機械学習","バイアスとバリアンスの関係について、未学習や過学習の観点から説明できる","","",""
209,28,"学習","★★","機械学習","機械学習・AIの公平性の評価指標について説明できる（デモグラフィックパリティ、均等オッズなど）","＊","",""
210,29,"学習","★★","機械学習","LIME、SHAPなどを用いて、ブラックボックス性の高いモデルの局所的な説明（レコード単位の予測根拠の提示）ができる","","",""
211,30,"学習","★★★","機械学習","分析要件に応じ、モデリング手法（線形モデル、決定木、サポートベクターマシン、ニューラルネットワーク、アンサンブル学習など）の選択とパラメータ設定、結果の評価、チューニングを適切に設計・実施・指示できる","","","◯"
212,31,"学習","★★★","機械学習","複数の機械学習モデルを組み合わせるアンサンブル学習において、各モデルの予測スコアを用いた平均（Averaging）、多数決（Voting）、Stackingなどの手法を理解し、目的に応じて設計・実装できる","","＊",""
213,32,"学習","★★★","機械学習","半教師あり学習やアクティブラーニングにより効率的なアノテーションができる","＊","",""
214,33,"学習","★★","機械学習","課題やデータに応じて、汎化性能向上のためのデータ拡張（Data Augmentation）を設計・実装できる（画像データの回転・反転、テキストデータの単語入れ替え・置換・削除など）","","",""
215,34,"学習","★★★","機械学習","機械学習等の最新の論文を理解し、必要とあれば自分で実装し評価できる","","＊",""
216,35,"学習","★","深層学習","深層学習（ディープラーニング）モデルの活用による主なメリットを理解している（特徴量抽出が可能になるなど）","","","◯"
217,36,"学習","★★","深層学習","バッチ勾配降下法（バッチ学習）、確率的勾配降下法（オンライン学習）、ミニバッチ勾配降下法（ミニバッチ学習）の違いを説明できる","","",""
218,37,"学習","★★","深層学習","ドロップアウト、L1/L2正則化などによる過学習の抑制や、バッチ正規化による学習の効率化について理解している","","",""
219,38,"学習","★★","深層学習","文字や単語といった質的（離散的）な特徴量をニューラルネットワークで学習する場合、特徴量の各値にベクトルを対応させるEmbeddingが有効であることを理解している","","",""
220,39,"学習","★★","深層学習","畳み込みニューラルネットワーク(CNN)、再帰型ニューラルネットワーク（RNN）、長期短期記憶（LSTM）、Transformerなどの深層学習の主要方式の特徴を理解し、目的に応じて適切に選定できる","","",""
221,40,"学習","★★","深層学習","ニューラルネットワークにおいてAttention機構の特徴を理解し、各ベクトルの重みを算出できる","","",""
222,41,"学習","★★","深層学習","転移学習とファインチューニングの基本的な枠組みを理解し、事前学習済みのニューラルネットワークを用いた効率的な学習方法を設計・実装できる","","＊",""
223,42,"学習","★★","深層学習","誤差逆伝播法（Backpropagation）における勾配消失、勾配爆発の問題を理解し、適切な活性化関数・重みの初期化方法の選択、Gradient Clippingなどの緩和策を実施できる","","",""
224,43,"学習","★★","深層学習","Residual Connection(Skip Connection)が誤差逆伝播法（Backpropagation）における勾配消失問題の緩和策となっていることを理解している","","",""
225,44,"学習","★★","深層学習","深層学習における最適化法/Optimizer（SGD、Momentum、RMSProp、Adamなど）や学習率の動的な調整法（Cyclical Learning Rateなど）の重要性について理解している","","",""
226,45,"学習","★★★","深層学習","深層学習の実装において、予想精度を向上するため、層の種類（全結合、畳み込み、プールなど）、層数、ニューロン数、活性化関数、学習率、学習回数などをチューニングできる","","",""
227,46,"学習","★★★","深層学習","深層学習モデルの推論時の計算コストを削減する方法（枝刈り、蒸留、量子化など）を設計・実装できる","","",""
228,47,"学習","★★","深層学習","主要な深層生成モデル（変分自己符号化器[Variational AutoEncoder： VAE]、敵対的生成ネットワーク[Generative Adversarial Network：GAN]）やその派生形を理解し、目的に応じて学習・評価できる","","",""
229,48,"学習","★★","強化学習","状態と行動、報酬による強化学習の基本概念を理解し、モンテカルロ法やQ学習などを実行できる","","",""
230,49,"学習","★★★","強化学習","主要な強化学習モデルを理解し、目的に応じて学習・評価できる(Deep Q-network [DQN]、Asynchronous Advantage Actor-Critic[A3C]、Proximal Policy Optimization [PPO]やその派生形など）","","",""
231,1,"自然言語処理","★","自然言語処理","テキストデータに対する代表的なクリーニング処理（小文字化、数値置換、半角変換、記号除去、ステミングなど）を目的に応じて適切に実施できる","","＊",""
232,2,"自然言語処理","★","自然言語処理","形態素解析や係り受け解析のライブラリを適切に使い、基本的な文書構造解析を行うことができる","","",""
233,3,"自然言語処理","★","自然言語処理","自然言語処理を用いて解けるタスクを理解し、各タスクの入出力を説明できる（GLUEタスクや固有表現抽出、機械翻訳など）","","",""
234,4,"自然言語処理","★★","自然言語処理","Unigram laguage modelやBPE（Byte Pair Encoding）によるサブワード分割手法を理解しており、必要に応じて適切に実施できる","","",""
235,5,"自然言語処理","★★","自然言語処理","使用メモリの削減やモデルの精度向上のため、名寄せやユーザ定義辞書の作成、ストップワードの除去・置換を実施できる","","",""
236,6,"自然言語処理","★★","自然言語処理","Word2Vec（Skip-gram、CBoW）などの分散表現（ベクトル表現）モデルを理解し、使いこなせる","","",""
237,7,"自然言語処理","★★","自然言語処理","TF-IDFやcos類似度などの基本的なアルゴリズムを使い、文書ベクトルの作成や文書間の類似度を計算できる","","",""
238,8,"自然言語処理","★★★","自然言語処理","形態素解析・構文解析・固有表現抽出のアルゴリズムを理解し、使いこなせる","","",""
239,9,"自然言語処理","★★★","自然言語処理","N-gram言語モデルの構築方法と代表的なスムージングアルゴリズムを理解し、使いこなせる","","",""
240,10,"自然言語処理","★★★","自然言語処理","索引型の全文検索の仕組み（転置インデックス、スコアリング、関連性フィードバック）を理解し、使いこなせる","","＊",""
241,11,"自然言語処理","★★★","自然言語処理","Trie、Suffix Arrayなどの代表的な高速文字列検索アルゴリズムを理解し、使いこなせる","","＊",""
242,12,"自然言語処理","★★★","自然言語処理","主要なトピックモデル（確率的潜在意味解析[pLSA]、潜在的ディリクレ配分法[LDA]）の仕組みを理解し、使いこなせる","","",""
243,13,"自然言語処理","★★★","自然言語処理","データの特性に合わせ、適切な言語処理アルゴリズムを選択し、誤り分析、辞書作成などを行い、成果を最大化できる","","",""
244,14,"自然言語処理","★★★","自然言語処理","再帰型ニューラルネットワーク（RNN）、長期短期記憶（LSTM）、Transformerなどを用いたニューラル言語モデルを理解し、使いこなせる","","",""
245,15,"自然言語処理","★★★","自然言語処理","隠れマルコフモデル（Hidden Markov Model：HMM）、Conditional Random Fields：CRF）などを用いた系列ラベリング手法を理解し、使いこなせる","","",""
246,16,"自然言語処理","★★★","自然言語処理","GPT（Generative Pre-Trained transformer）、BERT（Bidirectional Encoder Representations from Transformer）などのAttentionベースのニューラル言語モデルを理解し、使いこなせる","","",""
247,1,"画像・映像認識","★","画像認識","画像のデジタル表現の仕組みと代表的な画像フォーマットを知っている","","",""
248,2,"画像・映像認識","★","画像認識","画像に対して、目的に応じた適切な色変換や簡単なフィルタ処理などを行うことができる","","＊",""
249,3,"画像・映像認識","★","画像認識","画像データに対する代表的なクリーニング処理（リサイズ、パディング、正規化など）を目的に応じて適切に実施できる","","＊",""
250,4,"画像・映像認識","★★","画像認識","画像認識を用いて解けるタスクを理解し、入出力とともに説明できる（識別、物体検出、セグメンテーションなど）","","",""
251,5,"画像・映像認識","★★","画像認識","画像の処理や解析において、効果的なパターン検出や画像特徴抽出などを既存手法から選ぶことができる","","＊",""
252,6,"画像・映像認識","★★","画像認識","画像の処理や解析において、既存のAPI化したクラウドサービスなどを目的に即して、選定・活用できる","","",""
253,7,"画像・映像認識","★★","画像認識","ResNet、EfficientNet、MobileNetなどの代表的な画像認識モデルを理解し使いこなせる","","",""
254,8,"画像・映像認識","★★","画像認識","ライブラリ、学習済みモデルなどを用いて識別・物体検出・セマンティックセグメンテーションなどの画像処理を実装・評価できる","","",""
255,9,"画像・映像認識","★★★","画像認識","画像・動画処理を行う環境（モバイル上での処理など実行に制約を伴う環境）と処理パフォーマンスを考慮し、適切な手法の選択とモデルの構築ができる","","＊",""
256,10,"画像・映像認識","★","映像認識","動画のデジタル表現の仕組みと代表的な動画フォーマットを理解しており、動画から画像を抽出する既存方法を使うことができる","","",""
257,11,"画像・映像認識","★★","映像認識","物体が動いている方向・速度（オプティカルフロー）を動画から推定し、トラッキングできる","","",""
258,12,"画像・映像認識","★★★","映像認識","動画の解析手法の現況について理解し、専門家とともに実装を検討できる（Kernel Temporal Segmentation[KTS]による動画の映像区間切り分け、動画内の重要度推定によるハイライト作成など）","","",""
259,1,"音声認識","★","音声認識","wavやmp3などの代表的な音声フォーマットの特徴や用途、基本的な変換処理について説明できる（サンプリングレート、符号化、量子化など）","","",""
260,2,"音声認識","★","音声認識"," 目的に応じ音声認識関連のAPIを選択し、適用できる（Speech to Text など）","","",""
261,3,"音声認識","★★","音声認識","音声データから、分析目的にあった波形データの抽出やノイズの除去ができる","","＊",""
262,4,"音声認識","★★","音声認識","音声認識や本人認証、感情分析などの代表的な音声処理分野について理解し、用いられる分析手法を説明できる","","",""
263,5,"音声認識","★★★","音声認識","短時間フーリエ分析、メルフィルタバンク処理、ケプストラム分析、LPC（線形予測分析）などの代表的な音声信号分析手法を理解し、使いこなすことができる","","",""
264,6,"音声認識","★★★","音声認識","音声認識、音声合成、認証・感情分析などの目的に合わせて、パラメータ調整や手法変更、言語モデル・音響モデルなどを差し替え、モデル構築・精度評価ができる","","",""
265,1,"パターン発見","★","パターン発見","条件Xと事象Yの関係性を信頼度、支持度、リフト値を用いて評価できる","","",""
266,2,"パターン発見","★★","パターン発見","アプリオリアルゴリズムのアソシエーション分析において、パラメータをチューニングして出力件数を調整できる","","",""
267,3,"パターン発見","★★","パターン発見","分析要件から適切なレコメンドアルゴリズム（協調フィルタリング、コンテンツベースフィルタリング、Factrization Machineなど）を選定できる","","",""
268,4,"パターン発見","★★★","パターン発見","行動履歴に加え、アイテム属性、ユーザ属性、時間変化などの情報を用いて、目的に応じた推薦アルゴリズムを実装・評価できる","","",""
269,1,"シミュレーション・データ同化","★★","シミュレーション・データ同化","離散型・連続型シミュレーションについて、説明できる（モンテカルロ、ヒストリカル、Agentベースなど）","","",""
270,2,"シミュレーション・データ同化","★★","シミュレーション・データ同化","マルコフ連鎖の特徴を理解し、MCMC（マルコフ連鎖モンテカルロ法）シミュレーションをライブラリを用いて実装できる","","",""
271,3,"シミュレーション・データ同化","★★★","シミュレーション・データ同化","データ同化の概念を理解し、実行できる（データを用いてシミュレーション内の不確実性を減少させる計算技法など）","","",""
272,4,"シミュレーション・データ同化","★★★","シミュレーション・データ同化","シミュレーションにおける問題を理解し、対処を考えることができる（初期条件・境界条件・パラメータの不確実性、データ分布の不均一性、実験計画の最適性など）","","",""
273,5,"シミュレーション・データ同化","★★★","シミュレーション・データ同化","MCMC（マルコフ連鎖モンテカルロ法）における各種アルゴリズム（メトロポリス-ヘイスティングス法、ギブスサンプラー、ハミルトニアン・モンテカルロ法など）について理解し、活用できる","","",""
274,1,"最適化","★★","最適化","複数のA/Bテスト、スプリットテストの統計的結果を踏まえ、デザイン等の最適化を実施できる","＊","",""
275,2,"最適化","★★","最適化","一定の制約下で最適解の識別と報酬の最大化がともに求められ、かつ報酬分布が時間経過で変化するような問題に対して、多腕バンディットアルゴリズムを適用・実装できる","","",""
276,3,"最適化","★★","最適化","線形計画法について説明できる","","",""
277,4,"最適化","★★","最適化","凸関数および、凸計画問題の条件や特徴を説明できる","","",""
278,5,"最適化","★★","最適化","連続最適化問題（制約なし）において、使用可能なアルゴリズムを説明できる（ニュートン法、最急降下法など）","","",""
279,6,"最適化","★★","最適化","連続最適化問題（制約あり）において、使用可能なアルゴリズムを説明できる（ラグランジュ未定乗数法、内点法、逐次2次計画法など）","","",""
280,7,"最適化","★★","最適化","組み合わせ最適化問題において、代表的な解法の概念を説明できる（厳密解法（分枝限定法、動的計画法、切除平面法）、近似解法（局所探索、貪欲法など）、メタヒューリスティック解法（遺伝的アルゴリズム、タブーサーチなど））","","",""
281,8,"最適化","★★★","最適化","ビジネス課題にあわせて、変数、目的関数、制約を定式化し、線形・非線形を問わず、最適化モデリングができる","＊","",""
282,9,"最適化","★★★","最適化","代表的な最適化問題に関して、モデリングを行い、ソルバーを使い、最適化できる（ナップザック問題、ネットワークフロー問題、巡回路問題など）","","",""
